-- MySQL Script generated by MySQL Workbench
-- 03/25/16 20:27:07
-- Model: New Model    Version: 1.0
-- MySQL Workbench Forward Engineering

SET @OLD_UNIQUE_CHECKS=@@UNIQUE_CHECKS, UNIQUE_CHECKS=0;
SET @OLD_FOREIGN_KEY_CHECKS=@@FOREIGN_KEY_CHECKS, FOREIGN_KEY_CHECKS=0;
SET @OLD_SQL_MODE=@@SQL_MODE, SQL_MODE='TRADITIONAL,ALLOW_INVALID_DATES';

-- -----------------------------------------------------
-- Schema db_news
-- -----------------------------------------------------

-- -----------------------------------------------------
-- Schema db_news
-- -----------------------------------------------------
CREATE SCHEMA IF NOT EXISTS `db_news` DEFAULT CHARACTER SET utf8 ;
USE `db_news` ;

-- -----------------------------------------------------
-- Table `db_news`.`author`
-- -----------------------------------------------------
CREATE TABLE IF NOT EXISTS `db_news`.`author` (
  `id` INT NOT NULL AUTO_INCREMENT,
  `name` VARCHAR(45) NOT NULL,
  `surname` VARCHAR(45) NOT NULL,
  `info` VARCHAR(45) NULL,
  PRIMARY KEY (`id`))
ENGINE = InnoDB;


-- -----------------------------------------------------
-- Table `db_news`.`heading`
-- -----------------------------------------------------
CREATE TABLE IF NOT EXISTS `db_news`.`heading` (
  `id` INT NOT NULL,
  `name` VARCHAR(45) NOT NULL,
  `parent_id` INT NOT NULL,
  PRIMARY KEY (`id`),
  INDEX `fk1_parent_id-->id_idx` (`parent_id` ASC),
  CONSTRAINT `fk1_parent_id-->id`
    FOREIGN KEY (`parent_id`)
    REFERENCES `db_news`.`heading` (`id`)
    ON DELETE NO ACTION
    ON UPDATE NO ACTION)
ENGINE = InnoDB;


-- -----------------------------------------------------
-- Table `db_news`.`news`
-- -----------------------------------------------------
CREATE TABLE IF NOT EXISTS `db_news`.`news` (
  `id` INT NOT NULL,
  `name` VARCHAR(45) NOT NULL,
  `text` VARCHAR(1000) NOT NULL,
  `author_id` INT NOT NULL,
  `heading_id` INT NOT NULL,
  `publication_date` DATE NOT NULL,
  PRIMARY KEY (`id`),
  INDEX `fk1_news-->author_idx` (`author_id` ASC),
  INDEX `fk2_news-->heading_idx` (`heading_id` ASC),
  CONSTRAINT `fk1_news-->author`
    FOREIGN KEY (`author_id`)
    REFERENCES `db_news`.`author` (`id`)
    ON DELETE NO ACTION
    ON UPDATE NO ACTION,
  CONSTRAINT `fk2_news-->heading`
    FOREIGN KEY (`heading_id`)
    REFERENCES `db_news`.`heading` (`id`)
    ON DELETE NO ACTION
    ON UPDATE NO ACTION)
ENGINE = InnoDB;


-- -----------------------------------------------------
-- Table `db_news`.`review`
-- -----------------------------------------------------
CREATE TABLE IF NOT EXISTS `db_news`.`review` (
  `id` INT NOT NULL,
  `name` VARCHAR(45) NOT NULL,
  `text` VARCHAR(1000) NOT NULL,
  `author_id` INT NOT NULL,
  `heading_id` INT NOT NULL,
  `publication_date` DATE NOT NULL,
  PRIMARY KEY (`id`),
  INDEX `fk1_review->author_idx` (`author_id` ASC),
  INDEX `fk2_review-->heading_idx` (`heading_id` ASC),
  CONSTRAINT `fk1_review-->author`
    FOREIGN KEY (`author_id`)
    REFERENCES `db_news`.`author` (`id`)
    ON DELETE NO ACTION
    ON UPDATE NO ACTION,
  CONSTRAINT `fk2_review-->heading`
    FOREIGN KEY (`heading_id`)
    REFERENCES `db_news`.`heading` (`id`)
    ON DELETE NO ACTION
    ON UPDATE NO ACTION)
ENGINE = InnoDB;


-- -----------------------------------------------------
-- Table `db_news`.`tags`
-- -----------------------------------------------------
CREATE TABLE IF NOT EXISTS `db_news`.`tags` (
  `id` INT NOT NULL,
  `name` VARCHAR(45) NOT NULL,
  PRIMARY KEY (`id`))
ENGINE = InnoDB;


-- -----------------------------------------------------
-- Table `db_news`.`tags-news`
-- -----------------------------------------------------
CREATE TABLE IF NOT EXISTS `db_news`.`tags-news` (
  `id_tag` INT NOT NULL,
  `id_news` INT NOT NULL,
  INDEX `fk1_tags-news_idx` (`id_tag` ASC),
  INDEX `fk2_tags-news_idx` (`id_news` ASC),
  PRIMARY KEY (`id_tag`, `id_news`),
  CONSTRAINT `fk1_tags-news`
    FOREIGN KEY (`id_tag`)
    REFERENCES `db_news`.`tags` (`id`)
    ON DELETE NO ACTION
    ON UPDATE NO ACTION,
  CONSTRAINT `fk2_tags-news`
    FOREIGN KEY (`id_news`)
    REFERENCES `db_news`.`news` (`id`)
    ON DELETE NO ACTION
    ON UPDATE NO ACTION)
ENGINE = InnoDB;


-- -----------------------------------------------------
-- Table `db_news`.`tags-review`
-- -----------------------------------------------------
CREATE TABLE IF NOT EXISTS `db_news`.`tags-review` (
  `id_tag` INT NOT NULL,
  `id_review` INT NOT NULL,
  INDEX `fk1_tags-review_idx` (`id_tag` ASC),
  PRIMARY KEY (`id_tag`, `id_review`),
  CONSTRAINT `fk1_tags-review`
    FOREIGN KEY (`id_tag`)
    REFERENCES `db_news`.`tags` (`id`)
    ON DELETE NO ACTION
    ON UPDATE NO ACTION,
  CONSTRAINT `fk2_tags-review`
    FOREIGN KEY (`id_review`)
    REFERENCES `db_news`.`review` (`id`)
    ON DELETE NO ACTION
    ON UPDATE NO ACTION)
ENGINE = InnoDB;


-- -----------------------------------------------------
-- Table `db_news`.`news-review`
-- -----------------------------------------------------
CREATE TABLE IF NOT EXISTS `db_news`.`news-review` (
  `id-review` INT NOT NULL,
  `id-news` INT NOT NULL,
  PRIMARY KEY (`id-review`, `id-news`),
  INDEX `fk1_news-review-->news_idx` (`id-news` ASC),
  CONSTRAINT `fk1_news-review-->news`
    FOREIGN KEY (`id-news`)
    REFERENCES `db_news`.`news` (`id`)
    ON DELETE NO ACTION
    ON UPDATE NO ACTION,
  CONSTRAINT `fk2_news-review-->review`
    FOREIGN KEY (`id-review`)
    REFERENCES `db_news`.`review` (`id`)
    ON DELETE NO ACTION
    ON UPDATE NO ACTION)
ENGINE = InnoDB;


SET SQL_MODE=@OLD_SQL_MODE;
SET FOREIGN_KEY_CHECKS=@OLD_FOREIGN_KEY_CHECKS;
SET UNIQUE_CHECKS=@OLD_UNIQUE_CHECKS;

-- -----------------------------------------------------
-- Data for table `db_news`.`author`
-- -----------------------------------------------------
START TRANSACTION;
USE `db_news`;
INSERT INTO `db_news`.`author` (`id`, `name`, `surname`, `info`) VALUES (1, 'Artem', 'Lomako', '+380 63 9782416');
INSERT INTO `db_news`.`author` (`id`, `name`, `surname`, `info`) VALUES (2, 'Leonid ', 'Stepanenko', '+380 93 5152514');
INSERT INTO `db_news`.`author` (`id`, `name`, `surname`, `info`) VALUES (3, 'Ilona', 'Shabelnik', '+380 63 4750757');
INSERT INTO `db_news`.`author` (`id`, `name`, `surname`, `info`) VALUES (4, 'Andrey ', 'Lyahuta', '+380 50 7256543');
INSERT INTO `db_news`.`author` (`id`, `name`, `surname`, `info`) VALUES (5, 'Andrey', 'Sherstuk', '+380 63 1480067');
INSERT INTO `db_news`.`author` (`id`, `name`, `surname`, `info`) VALUES (6, 'Natalia', 'Sarapina', '+380 93 7187213');

COMMIT;


-- -----------------------------------------------------
-- Data for table `db_news`.`heading`
-- -----------------------------------------------------
START TRANSACTION;
USE `db_news`;
INSERT INTO `db_news`.`heading` (`id`, `name`, `parent_id`) VALUES (1, '\"sport\"', DEFAULT);
INSERT INTO `db_news`.`heading` (`id`, `name`, `parent_id`) VALUES (2, '\"weather\"', DEFAULT);
INSERT INTO `db_news`.`heading` (`id`, `name`, `parent_id`) VALUES (3, '\"business\"', DEFAULT);
INSERT INTO `db_news`.`heading` (`id`, `name`, `parent_id`) VALUES (4, '\"show biz\"', DEFAULT);
INSERT INTO `db_news`.`heading` (`id`, `name`, `parent_id`) VALUES (5, '\"science\"', DEFAULT);
INSERT INTO `db_news`.`heading` (`id`, `name`, `parent_id`) VALUES (6, '\"football\"', 1);
INSERT INTO `db_news`.`heading` (`id`, `name`, `parent_id`) VALUES (7, '\"basketball\"', 1);
INSERT INTO `db_news`.`heading` (`id`, `name`, `parent_id`) VALUES (8, '\"hockey\"', 1);
INSERT INTO `db_news`.`heading` (`id`, `name`, `parent_id`) VALUES (9, '\"forbes\"', 3);
INSERT INTO `db_news`.`heading` (`id`, `name`, `parent_id`) VALUES (10, '\"oscar\"', 4);
INSERT INTO `db_news`.`heading` (`id`, `name`, `parent_id`) VALUES (11, '\"celebrities\"', 4);
INSERT INTO `db_news`.`heading` (`id`, `name`, `parent_id`) VALUES (12, '\"cyclone\"', 2);
INSERT INTO `db_news`.`heading` (`id`, `name`, `parent_id`) VALUES (13, '\"storm\"', 2);
INSERT INTO `db_news`.`heading` (`id`, `name`, `parent_id`) VALUES (14, '\"nuclear\"', 5);
INSERT INTO `db_news`.`heading` (`id`, `name`, `parent_id`) VALUES (15, '\"math\"', 5);
INSERT INTO `db_news`.`heading` (`id`, `name`, `parent_id`) VALUES (16, '\"space\"', 5);
INSERT INTO `db_news`.`heading` (`id`, `name`, `parent_id`) VALUES (17, '\"robotics\"', 5);
INSERT INTO `db_news`.`heading` (`id`, `name`, `parent_id`) VALUES (18, '\"currency\"', 3);
INSERT INTO `db_news`.`heading` (`id`, `name`, `parent_id`) VALUES (19, '\"it\"', 5);

COMMIT;


-- -----------------------------------------------------
-- Data for table `db_news`.`news`
-- -----------------------------------------------------
START TRANSACTION;
USE `db_news`;
INSERT INTO `db_news`.`news` (`id`, `name`, `text`, `author_id`, `heading_id`, `publication_date`) VALUES (1, '\"Football news 1\"', '\"body Football news 1\"', 1, 6, '21.04.2014');
INSERT INTO `db_news`.`news` (`id`, `name`, `text`, `author_id`, `heading_id`, `publication_date`) VALUES (2, '\"Football news 2\"', '\"body Football news 2\"', 3, 6, '20.11.2015');
INSERT INTO `db_news`.`news` (`id`, `name`, `text`, `author_id`, `heading_id`, `publication_date`) VALUES (3, '\"Hockey news 1\"', '\"body Hockey news 1\"', 3, 8, '12.03.2014');
INSERT INTO `db_news`.`news` (`id`, `name`, `text`, `author_id`, `heading_id`, `publication_date`) VALUES (4, '\"Hockey news 2\"', '\"body Hockey news 2\"', 2, 8, '21.01.2016');
INSERT INTO `db_news`.`news` (`id`, `name`, `text`, `author_id`, `heading_id`, `publication_date`) VALUES (5, '\"Hockey news 3\"', '\"body Hockey news 3\"', 2, 8, '2.02.2014');
INSERT INTO `db_news`.`news` (`id`, `name`, `text`, `author_id`, `heading_id`, `publication_date`) VALUES (6, '\"Space news 1\"', '\"body Space news 1\"', 4, 16, '5.05.2015');
INSERT INTO `db_news`.`news` (`id`, `name`, `text`, `author_id`, `heading_id`, `publication_date`) VALUES (7, '\"Space news 2\"', '\"body Space news 2\"', 5, 16, '11.12.2013');
INSERT INTO `db_news`.`news` (`id`, `name`, `text`, `author_id`, `heading_id`, `publication_date`) VALUES (8, '\"Oscar news 1\"', '\"body Oscar news 1\"', 1, 10, '18.01.2016');
INSERT INTO `db_news`.`news` (`id`, `name`, `text`, `author_id`, `heading_id`, `publication_date`) VALUES (9, '\"Robotics news 1\"', '\"body Robotics news 1\"', 4, 17, '11.04.2014');
INSERT INTO `db_news`.`news` (`id`, `name`, `text`, `author_id`, `heading_id`, `publication_date`) VALUES (10, '\"Basketball news1\"', '\"body Basketball news 1\"', 1, 7, '13.12.2015');
INSERT INTO `db_news`.`news` (`id`, `name`, `text`, `author_id`, `heading_id`, `publication_date`) VALUES (11, '\"Celebrities news 1\"', '\"body Celebrities news 1\"', 3, 11, '1.05.2013');
INSERT INTO `db_news`.`news` (`id`, `name`, `text`, `author_id`, `heading_id`, `publication_date`) VALUES (12, '\"Celebrities news 2\"', '\"body Celebrities news 2\"', 1, 11, '6.09.2015');
INSERT INTO `db_news`.`news` (`id`, `name`, `text`, `author_id`, `heading_id`, `publication_date`) VALUES (13, '\"Storm news 1\"', '\"body Storm news 1\"', 6, 13, '19.12.2013');
INSERT INTO `db_news`.`news` (`id`, `name`, `text`, `author_id`, `heading_id`, `publication_date`) VALUES (14, '\"Storm news 2\"', '\"body Storm news 2\"', 5, 13, '15.02.2016');
INSERT INTO `db_news`.`news` (`id`, `name`, `text`, `author_id`, `heading_id`, `publication_date`) VALUES (15, '\"Cyclone news 1\"', '\"body Cyclone news 1\"', 2, 12, '21.08.2013');
INSERT INTO `db_news`.`news` (`id`, `name`, `text`, `author_id`, `heading_id`, `publication_date`) VALUES (16, '\"Cyclone news 2\"', '\"body Cyclone news 2\"', 1, 12, '18.11.2015');
INSERT INTO `db_news`.`news` (`id`, `name`, `text`, `author_id`, `heading_id`, `publication_date`) VALUES (17, '\"Currency news 1\"', '\"body Currency  news 1\"', 5, 18, '25.12.2015');
INSERT INTO `db_news`.`news` (`id`, `name`, `text`, `author_id`, `heading_id`, `publication_date`) VALUES (18, '\"Currency  news 2\"', '\"body Currency  news 2\"', 4, 18, '29.01.2014');
INSERT INTO `db_news`.`news` (`id`, `name`, `text`, `author_id`, `heading_id`, `publication_date`) VALUES (19, '\"Nuclear  news 1\"', '\"body Nuclear  news 1\"', 2, 14, '20.05.2015');
INSERT INTO `db_news`.`news` (`id`, `name`, `text`, `author_id`, `heading_id`, `publication_date`) VALUES (20, '\"Nuclear  news 2\"', '\"body Nuclear  news 2\"', 6, 14, '22.11.2013');
INSERT INTO `db_news`.`news` (`id`, `name`, `text`, `author_id`, `heading_id`, `publication_date`) VALUES (DEFAULT, DEFAULT, DEFAULT, , DEFAULT, DEFAULT);

COMMIT;


-- -----------------------------------------------------
-- Data for table `db_news`.`review`
-- -----------------------------------------------------
START TRANSACTION;
USE `db_news`;
INSERT INTO `db_news`.`review` (`id`, `name`, `text`, `author_id`, `heading_id`, `publication_date`) VALUES (1, '\"New Smartpone review\"', '\"Iphone 10s review\"', 2, 5, '20.11.2015');
INSERT INTO `db_news`.`review` (`id`, `name`, `text`, `author_id`, `heading_id`, `publication_date`) VALUES (2, '\"Arsenal MU review\"', '\"Football match review 1 \"', 1, 6, '12.08.2015');
INSERT INTO `db_news`.`review` (`id`, `name`, `text`, `author_id`, `heading_id`, `publication_date`) VALUES (3, '\"Dynamo Shahtar review\"', '\"Football match review 2 \"', 1, 6, '15.08.2015');
INSERT INTO `db_news`.`review` (`id`, `name`, `text`, `author_id`, `heading_id`, `publication_date`) VALUES (4, '\"New star opening\"', '\"Space  review 1 \"', 3, 16, '12.11.2014');
INSERT INTO `db_news`.`review` (`id`, `name`, `text`, `author_id`, `heading_id`, `publication_date`) VALUES (5, '\"New nuclear station\"', '\"New nuclear station opening\"', 5, 14, '21.02.2015');
INSERT INTO `db_news`.`review` (`id`, `name`, `text`, `author_id`, `heading_id`, `publication_date`) VALUES (6, '\"New Orlean vs Bulls\"', '\"Basketball match review 1 \"', 2, 7, '12.05.2014');
INSERT INTO `db_news`.`review` (`id`, `name`, `text`, `author_id`, `heading_id`, `publication_date`) VALUES (7, '\"Di Caprio Oscar\"', '\"Leonardo Di Caprio life style \"', 3, 10, '05.02.2016');
INSERT INTO `db_news`.`review` (`id`, `name`, `text`, `author_id`, `heading_id`, `publication_date`) VALUES (8, DEFAULT, DEFAULT, DEFAULT, DEFAULT, DEFAULT);

COMMIT;


-- -----------------------------------------------------
-- Data for table `db_news`.`tags`
-- -----------------------------------------------------
START TRANSACTION;
USE `db_news`;
INSERT INTO `db_news`.`tags` (`id`, `name`) VALUES (1, '\"smartphone\"');
INSERT INTO `db_news`.`tags` (`id`, `name`) VALUES (2, '\"space\"');
INSERT INTO `db_news`.`tags` (`id`, `name`) VALUES (3, '\"cinema\"');
INSERT INTO `db_news`.`tags` (`id`, `name`) VALUES (4, '\"fashion\"');
INSERT INTO `db_news`.`tags` (`id`, `name`) VALUES (5, '\"culture\"');
INSERT INTO `db_news`.`tags` (`id`, `name`) VALUES (6, '\"style\"');
INSERT INTO `db_news`.`tags` (`id`, `name`) VALUES (7, '\"photo\"');
INSERT INTO `db_news`.`tags` (`id`, `name`) VALUES (8, '\"money\"');
INSERT INTO `db_news`.`tags` (`id`, `name`) VALUES (9, '\"it\"');
INSERT INTO `db_news`.`tags` (`id`, `name`) VALUES (10, '\"science\"');
INSERT INTO `db_news`.`tags` (`id`, `name`) VALUES (11, '\"sport\"');
INSERT INTO `db_news`.`tags` (`id`, `name`) VALUES (12, '\"weather\"');

COMMIT;


-- -----------------------------------------------------
-- Data for table `db_news`.`tags-news`
-- -----------------------------------------------------
START TRANSACTION;
USE `db_news`;
INSERT INTO `db_news`.`tags-news` (`id_tag`, `id_news`) VALUES (1, 9);
INSERT INTO `db_news`.`tags-news` (`id_tag`, `id_news`) VALUES (2, 6);
INSERT INTO `db_news`.`tags-news` (`id_tag`, `id_news`) VALUES (2, 7);
INSERT INTO `db_news`.`tags-news` (`id_tag`, `id_news`) VALUES (3, 8);
INSERT INTO `db_news`.`tags-news` (`id_tag`, `id_news`) VALUES (3, 11);
INSERT INTO `db_news`.`tags-news` (`id_tag`, `id_news`) VALUES (3, 12);
INSERT INTO `db_news`.`tags-news` (`id_tag`, `id_news`) VALUES (4, 11);
INSERT INTO `db_news`.`tags-news` (`id_tag`, `id_news`) VALUES (4, 12);
INSERT INTO `db_news`.`tags-news` (`id_tag`, `id_news`) VALUES (6, 8);
INSERT INTO `db_news`.`tags-news` (`id_tag`, `id_news`) VALUES (7, 12);
INSERT INTO `db_news`.`tags-news` (`id_tag`, `id_news`) VALUES (7, 8);
INSERT INTO `db_news`.`tags-news` (`id_tag`, `id_news`) VALUES (7, 11);
INSERT INTO `db_news`.`tags-news` (`id_tag`, `id_news`) VALUES (8, 1);
INSERT INTO `db_news`.`tags-news` (`id_tag`, `id_news`) VALUES (8, 2);
INSERT INTO `db_news`.`tags-news` (`id_tag`, `id_news`) VALUES (8, 17);
INSERT INTO `db_news`.`tags-news` (`id_tag`, `id_news`) VALUES (8, 18);
INSERT INTO `db_news`.`tags-news` (`id_tag`, `id_news`) VALUES (9, 9);
INSERT INTO `db_news`.`tags-news` (`id_tag`, `id_news`) VALUES (10, 20);
INSERT INTO `db_news`.`tags-news` (`id_tag`, `id_news`) VALUES (10, 19);
INSERT INTO `db_news`.`tags-news` (`id_tag`, `id_news`) VALUES (10, 6);
INSERT INTO `db_news`.`tags-news` (`id_tag`, `id_news`) VALUES (10, 7);
INSERT INTO `db_news`.`tags-news` (`id_tag`, `id_news`) VALUES (10, 9);
INSERT INTO `db_news`.`tags-news` (`id_tag`, `id_news`) VALUES (11, 1);
INSERT INTO `db_news`.`tags-news` (`id_tag`, `id_news`) VALUES (11, 3);
INSERT INTO `db_news`.`tags-news` (`id_tag`, `id_news`) VALUES (11, 2);
INSERT INTO `db_news`.`tags-news` (`id_tag`, `id_news`) VALUES (11, 4);
INSERT INTO `db_news`.`tags-news` (`id_tag`, `id_news`) VALUES (11, 5);
INSERT INTO `db_news`.`tags-news` (`id_tag`, `id_news`) VALUES (11, 9);
INSERT INTO `db_news`.`tags-news` (`id_tag`, `id_news`) VALUES (11, 10);
INSERT INTO `db_news`.`tags-news` (`id_tag`, `id_news`) VALUES (12, 15);
INSERT INTO `db_news`.`tags-news` (`id_tag`, `id_news`) VALUES (12, 16);
INSERT INTO `db_news`.`tags-news` (`id_tag`, `id_news`) VALUES (12, 13);
INSERT INTO `db_news`.`tags-news` (`id_tag`, `id_news`) VALUES (12, 14);

COMMIT;


-- -----------------------------------------------------
-- Data for table `db_news`.`tags-review`
-- -----------------------------------------------------
START TRANSACTION;
USE `db_news`;
INSERT INTO `db_news`.`tags-review` (`id_tag`, `id_review`) VALUES (1, 1);
INSERT INTO `db_news`.`tags-review` (`id_tag`, `id_review`) VALUES (2, 4);
INSERT INTO `db_news`.`tags-review` (`id_tag`, `id_review`) VALUES (11, 2);
INSERT INTO `db_news`.`tags-review` (`id_tag`, `id_review`) VALUES (11, 3);
INSERT INTO `db_news`.`tags-review` (`id_tag`, `id_review`) VALUES (11, 6);
INSERT INTO `db_news`.`tags-review` (`id_tag`, `id_review`) VALUES (10, 5);
INSERT INTO `db_news`.`tags-review` (`id_tag`, `id_review`) VALUES (9, 1);
INSERT INTO `db_news`.`tags-review` (`id_tag`, `id_review`) VALUES (8, 7);
INSERT INTO `db_news`.`tags-review` (`id_tag`, `id_review`) VALUES (7, 7);
INSERT INTO `db_news`.`tags-review` (`id_tag`, `id_review`) VALUES (7, 2);
INSERT INTO `db_news`.`tags-review` (`id_tag`, `id_review`) VALUES (7, 3);

COMMIT;


-- -----------------------------------------------------
-- Data for table `db_news`.`news-review`
-- -----------------------------------------------------
START TRANSACTION;
USE `db_news`;
INSERT INTO `db_news`.`news-review` (`id-review`, `id-news`) VALUES (1, 2);
INSERT INTO `db_news`.`news-review` (`id-review`, `id-news`) VALUES (1, 2);
INSERT INTO `db_news`.`news-review` (`id-review`, `id-news`) VALUES (2, 1);
INSERT INTO `db_news`.`news-review` (`id-review`, `id-news`) VALUES (2, 2);
INSERT INTO `db_news`.`news-review` (`id-review`, `id-news`) VALUES (4, 6);
INSERT INTO `db_news`.`news-review` (`id-review`, `id-news`) VALUES (4, 7);
INSERT INTO `db_news`.`news-review` (`id-review`, `id-news`) VALUES (6, 10);
INSERT INTO `db_news`.`news-review` (`id-review`, `id-news`) VALUES (5, 19);
INSERT INTO `db_news`.`news-review` (`id-review`, `id-news`) VALUES (5, 20);
INSERT INTO `db_news`.`news-review` (`id-review`, `id-news`) VALUES (3, 2);
INSERT INTO `db_news`.`news-review` (`id-review`, `id-news`) VALUES (3, 1);
INSERT INTO `db_news`.`news-review` (`id-review`, `id-news`) VALUES (7, 8);

COMMIT;

