<?xml version="1.0" encoding="UTF-8"?>
<beans xmlns="http://www.springframework.org/schema/beans"
       xmlns:xsi="http://www.w3.org/2001/XMLSchema-instance"
       xmlns:context="http://www.springframework.org/schema/context"

       xsi:schemaLocation="
        http://www.springframework.org/schema/beans http://www.springframework.org/schema/beans/spring-beans.xsd
        http://www.springframework.org/schema/context http://www.springframework.org/schema/context/spring-context.xsd
        ">
    
    
<!--    <bean id="customer" class="ua.rd.pizzaservice.domain.Customer" primary="true" >
        <constructor-arg value="2"/>
        <constructor-arg value="DEF"/>
    </bean>      -->
    
    <bean class="ua.rd.pizzaservice.infrustructure.BenchmarkProxyBeanPostProcessor"/>
    
    <bean name="pizzaRepository" 
          class="ua.rd.pizzaservice.repository.InMemPizzaRepository" 
          init-method="cookPizzas" >
        <property name="pizzas">
            <list>
                <bean class="ua.rd.pizzaservice.domain.Pizza">
                    <constructor-arg index="0" value="1"/>                        
                    <constructor-arg index="1" value="Pizza 1"/>                
                    <constructor-arg index="2" value="2.4"/> 
                    <constructor-arg index="3" value="SEA"/>     
                </bean>
            </list>
        </property>
    </bean>
    
    
    <bean name="orderRepository" 
          class="ua.rd.pizzaservice.repository.InMemOrderRepository" />
        
</beans>
